{
  "0": {
    "size": 50,
    "avg_winRate": 49.83302134944106,
    "avg_kills": 6.200200961990179,
    "avg_deaths": 5.437902979292855,
    "avg_assists": 6.983004569905019,
    "avg_kda": 2.432173009734929,
    "avg_gold": 11889.014313767324,
    "avg_damage": 23511.1266861458,
    "avg_damageTaken": 21607.331125264674,
    "avg_cs": 186.0661703670369,
    "avg_visionScore": 18.310250942144872,
    "top_champions": [
      "Yunara",
      "Kaisa",
      "Jhin",
      "Lucian",
      "Jinx"
    ],
    "archetype": "Battle Mages & Bruisers",
    "description": "Durable damage dealers who thrive in extended combat",
    "playstyle": "Deal sustained damage while surviving in fights. These champions combine durability with damage output."
  },
  "1": {
    "size": 21,
    "avg_winRate": 50.36391036091649,
    "avg_kills": 1.7467824739363618,
    "avg_deaths": 5.15930638203265,
    "avg_assists": 14.290217453392943,
    "avg_kda": 3.170083213003118,
    "avg_gold": 8109.574866765384,
    "avg_damage": 9180.81105497897,
    "avg_damageTaken": 19258.71788353038,
    "avg_cs": 31.359374047647954,
    "avg_visionScore": 57.92680906522378,
    "top_champions": [
      "Nami",
      "Lulu",
      "Thresh",
      "Karma",
      "Milio"
    ],
    "archetype": "Enchanter Supports (Type A)",
    "description": "Champions who protect and empower allies through healing, shielding, and buffs - Type A variant",
    "playstyle": "Provide vision, peel for carries, and enable teammates with buffs/shields. These champions excel at keeping their team alive."
  },
  "2": {
    "size": 33,
    "avg_winRate": 49.934470134768624,
    "avg_kills": 6.528423906250342,
    "avg_deaths": 5.352809425310941,
    "avg_assists": 8.062478999679973,
    "avg_kda": 2.7365717055124676,
    "avg_gold": 11803.320548272093,
    "avg_damage": 19312.346667305374,
    "avg_damageTaken": 35172.973598182034,
    "avg_cs": 49.21856575452789,
    "avg_visionScore": 22.159714149862396,
    "top_champions": [
      "Viego",
      "Pantheon",
      "JarvanIV",
      "Ekko",
      "Volibear"
    ],
    "archetype": "Team Fight Controllers",
    "description": "Champions who excel in coordinated team fights with area damage and CC",
    "playstyle": "Maximize team fight presence, deal area damage, and create opportunities. These champions shine in 5v5 engagements."
  },
  "3": {
    "size": 16,
    "avg_winRate": 50.00047084412978,
    "avg_kills": 4.367436137495428,
    "avg_deaths": 5.991510246547765,
    "avg_assists": 10.343402998689946,
    "avg_kda": 2.465613500835859,
    "avg_gold": 9962.023440519977,
    "avg_damage": 18336.744387991923,
    "avg_damageTaken": 25403.262422804237,
    "avg_cs": 70.02224277989893,
    "avg_visionScore": 44.45743089230746,
    "top_champions": [
      "Nautilus",
      "Lux",
      "Senna",
      "Pyke",
      "Poppy"
    ],
    "archetype": "Enchanter Supports (Type B)",
    "description": "Champions who protect and empower allies through healing, shielding, and buffs - Type B variant",
    "playstyle": "Provide vision, peel for carries, and enable teammates with buffs/shields. These champions excel at keeping their team alive."
  },
  "4": {
    "size": 19,
    "avg_winRate": 48.78152048755705,
    "avg_kills": 5.067087791478608,
    "avg_deaths": 5.477173411793418,
    "avg_assists": 5.424174000383547,
    "avg_kda": 1.9327238538994127,
    "avg_gold": 11622.783104856046,
    "avg_damage": 22071.84166359252,
    "avg_damageTaken": 34615.31951889964,
    "avg_cs": 183.75148486186018,
    "avg_visionScore": 16.11789212847033,
    "top_champions": [
      "Aatrox",
      "Yone",
      "Vladimir",
      "Ambessa",
      "Renekton"
    ],
    "archetype": "Versatile All-Rounders (Bruiser-Style)",
    "description": "Flexible champions who can adapt to multiple roles and playstyles - Bruiser-Style variant",
    "playstyle": "Adapt to team needs, fill gaps in composition, and provide balanced contributions. These champions can be played in various ways."
  },
  "5": {
    "size": 32,
    "avg_winRate": 50.93968379573907,
    "avg_kills": 6.812863963877575,
    "avg_deaths": 6.165082296384342,
    "avg_assists": 5.828430134683362,
    "avg_kda": 2.0480190686980992,
    "avg_gold": 12156.030548864937,
    "avg_damage": 23391.773890267254,
    "avg_damageTaken": 28041.019682219645,
    "avg_cs": 158.34667996589394,
    "avg_visionScore": 17.142654340985153,
    "top_champions": [
      "Sylas",
      "Yasuo",
      "Aphelios",
      "Jax",
      "Diana"
    ],
    "archetype": "Versatile All-Rounders (Glass Cannon)",
    "description": "Flexible champions who can adapt to multiple roles and playstyles - Glass Cannon variant",
    "playstyle": "Adapt to team needs, fill gaps in composition, and provide balanced contributions. These champions can be played in various ways."
  }
}