{
  "match_prediction": {
    "train_accuracy": 0.99625,
    "test_accuracy": 0.9835,
    "precision": 0.9842053307008884,
    "recall": 0.9832347140039448,
    "f1_score": 0.983719782930439,
    "roc_auc": 0.9990008041576148,
    "feature_importance": {
      "blue_avg_level": 0.0042915093223631455,
      "red_avg_level": 0.004464964922776178,
      "blue_kills": 0.007655110480796227,
      "red_kills": 0.017970665141306415,
      "blue_deaths": 0.008443520772488111,
      "red_deaths": 0.009388197216275332,
      "blue_assists": 0.0072014837682382845,
      "red_assists": 0.0068065254963990355,
      "blue_gold": 0.006438324669701094,
      "red_gold": 0.004419898999164453,
      "blue_damage": 0.0038630043929501695,
      "red_damage": 0.003274824972996027,
      "blue_cs": 0.003480216722348764,
      "red_cs": 0.003167365882333025,
      "blue_barons": 0.0030495402809731873,
      "red_barons": 0.011343064523209948,
      "blue_dragons": 0.014928393173195536,
      "red_dragons": 0.01258889336043037,
      "blue_towers": 0.0618568133945428,
      "red_towers": 0.09607789584468229,
      "gold_diff": 0.337747830146378,
      "kills_diff": 0.10560232970420039,
      "damage_diff": 0.07604691696917307,
      "cs_diff": 0.0058342422639111316,
      "tower_diff": 0.1587833985482133,
      "dragon_diff": 0.02527506903095356
    },
    "cv_mean": 0.982625,
    "cv_std": 0.001992172181313647
  },
  "duration_prediction": {
    "train_rmse": 0.48567137881816314,
    "test_rmse": 1.0152816842550825,
    "test_mae": 0.7686256713941434,
    "test_r2": 0.9836274561579923,
    "test_mape": 0.026248834298654905,
    "baseline_rmse": 0.9770183413817929,
    "baseline_mae": 0.7643417692884281,
    "baseline_r2": 0.9848382792890036,
    "feature_importance": {
      "blue_kills": 0.0005022500420145293,
      "red_kills": 0.0005410722514081673,
      "blue_deaths": 0.0005693361673184937,
      "red_deaths": 0.0005504006735035147,
      "blue_assists": 0.0008707434947641718,
      "red_assists": 0.0009046298381990013,
      "blue_gold": 0.04783400382215796,
      "red_gold": 0.10173235624305209,
      "blue_damage": 0.005356507035055996,
      "red_damage": 0.012380834017060131,
      "blue_cs": 0.08266580534828569,
      "red_cs": 0.03141291744577005,
      "blue_barons": 0.00012072399005394603,
      "red_barons": 0.00012846815694523013,
      "blue_dragons": 0.0001152113354185033,
      "red_dragons": 0.00013370611303043647,
      "blue_towers": 0.0003747161569152335,
      "red_towers": 0.000485084144053646,
      "gold_diff": 0.0009176582487318648,
      "kills_diff": 0.0005068650299970648,
      "damage_diff": 0.0008273902955249264,
      "cs_diff": 0.0007955690134460686,
      "tower_diff": 0.0003733423263586765,
      "dragon_diff": 0.00016706954827715035,
      "total_kills": 0.0018811166751064824,
      "total_objectives": 0.7078522225875511
    },
    "cv_rmse_mean": 1.0683352555045684,
    "cv_rmse_std": 0.04400787972011791
  },
  "champion_clustering": {
    "n_clusters": 6,
    "cluster_sizes": {
      "1": 43,
      "3": 37,
      "0": 31,
      "2": 26,
      "4": 22,
      "5": 12
    },
    "role_based": true,
    "roles": [
      "Tank",
      "Fighter",
      "Assassin",
      "Mage",
      "ADC",
      "Support"
    ]
  }
}